account_id,customer_id,product_id,branch_id,account_type,currency,opening_date,current_balance,available_balance,status,updated_at
A00000001,C000098,PRD003,BR004,Current om prakash,INR,8/9/2021,26385.79,24865.19,Active,9/3/2026 0:00
A00000002,C000347,PRD002,BR019,Savings,INR,4/19/2021,5289.72,3972.73,Closed,9/13/2026 0:00
A00000003,C000435,PRD005,BR010,NRE,INR,7/7/2020,57347.27,44488.62,Active,8/20/2026 0:00
A00000004,C000012,PRD005,BR011,NRE,INR,5/9/2022,75199.15,62431.85,Active,8/18/2026 0:00
A00000005,C000273,PRD003,BR020,Current,INR,1/21/2023,91395.3,71958.28,Active,8/1/2026 0:00
A00000006,C000491,PRD005,BR010,NRE,INR,1/31/2026,24685.12,20675.75,Active,8/10/2026 0:00
A00000007,C000483,PRD003,BR005,Current,INR,6/29/2023,25677.17,23194.59,Active,8/29/2026 0:00
A00000008,C000026,PRD002,BR001,Savings,INR,12/18/2020,6303.48,5399.66,Active,9/8/2026 0:00
A00000009,C000457,PRD005,BR015,NRE,INR,12/31/2024,45106.18,40779.54,Active,8/13/2026 0:00
A00000010,C000366,PRD005,BR009,NRE,INR,1/15/2021,62916.7,59973,Closed,8/30/2026 0:00
A00000011,C000050,PRD004,BR004,Salary,INR,3/21/2025,8823.92,7655.95,Closed,8/10/2026 0:00
A00000012,C000441,PRD005,BR018,NRE,INR,1/21/2022,11475.2,10613.45,Active,8/21/2026 0:00
A00000013,C000233,PRD004,BR010,Salary,INR,12/10/2023,4741.36,4123.39,Dormant,8/19/2026 0:00
A00000014,C000394,PRD003,BR007,Current,INR,2/25/2021,27046.9,23028.31,Active,8/7/2026 0:00
A00000015,C000167,PRD005,BR013,NRE,INR,12/22/2025,75750.02,65542.23,Active,8/16/2026 0:00
A00000016,C000318,PRD002,BR006,Savings,INR,4/21/2024,514342.36,394251.13,Active,9/14/2026 0:00
A00000017,C000303,PRD004,BR004,Salary,INR,11/2/2023,52250.91,46301.19,Active,9/12/2026 0:00
A00000018,C000343,PRD001,BR020,Savings,INR,6/16/2025,91618.17,71332.14,Active,8/21/2026 0:00
A00000019,C000285,PRD001,BR011,Savings,INR,7/20/2024,43069.82,33051.86,Active,9/8/2026 0:00
A00000020,C000395,PRD004,BR009,Salary,INR,9/8/2020,9566.1,7391.09,Active,9/7/2026 0:00
A00000021,C000463,PRD001,BR011,Savings,INR,1/29/2025,80862.11,71386.2,Active,9/6/2026 0:00
A00000022,C000229,PRD002,BR008,Savings,INR,6/1/2023,4144.03,4059.6,Closed,9/15/2026 0:00
A00000023,C000469,PRD003,BR003,Current,INR,6/6/2021,32554.66,31354.25,Active,9/5/2026 0:00
A00000024,C000496,PRD001,BR011,Savings,INR,7/27/2023,16550.45,15357.88,Active,8/28/2026 0:00
A00000025,C000280,PRD002,BR018,Savings,INR,2/9/2022,37452.4,33289.77,Dormant,8/24/2026 0:00
A00000026,C000431,PRD004,BR005,Salary,INR,10/20/2020,30853.49,28141.39,Active,9/1/2026 0:00
A00000027,C000337,PRD004,BR015,Salary,INR,10/3/2024,32452.27,28818.02,Active,8/23/2026 0:00
A00000028,C000116,PRD002,BR005,Savings,INR,8/2/2025,19340.91,18600.17,Active,9/2/2026 0:00
A00000029,C000138,PRD004,BR006,Salary,INR,5/17/2020,123913.51,123239.22,Active,9/15/2026 0:00
A00000030,C000189,PRD001,BR008,Savings,INR,11/23/2020,805271.09,632558.05,Active,8/18/2026 0:00
A00000031,C000239,PRD005,BR007,NRE,INR,11/15/2020,5777.2,5320.91,Active,9/7/2026 0:00
A00000032,C000160,PRD005,BR016,NRE,INR,2/14/2020,6844.86,5935.98,Active,8/31/2026 0:00
A00000033,C000294,PRD003,BR007,Current,INR,4/21/2023,708.09,582.26,Active,9/8/2026 0:00
A00000034,C000384,PRD003,BR005,Current,INR,9/8/2020,53769.6,48786.5,Active,9/6/2026 0:00
A00000035,C000027,PRD003,BR002,Current,INR,3/20/2023,90268.97,78641.43,Active,8/5/2026 0:00
A00000036,C000436,PRD003,BR007,Current,INR,2/1/2023,7279.85,7021.16,Active,8/8/2026 0:00
A00000037,C000310,PRD002,BR018,Savings,INR,12/19/2021,33969.9,27696.11,Active,9/1/2026 0:00
A00000038,C000093,PRD005,BR004,NRE,INR,12/11/2020,56673.19,56210.53,Active,8/10/2026 0:00
A00000039,C000429,PRD004,BR008,Salary,INR,4/18/2024,46103.22,37319.95,Active,9/10/2026 0:00
A00000040,C000086,PRD002,BR005,Savings,INR,8/10/2020,51194.16,46615.62,Active,8/8/2026 0:00
A00000041,C000027,PRD002,BR002,Savings,INR,5/4/2025,19577.5,18335.07,Active,9/4/2026 0:00
A00000042,C000120,PRD004,BR019,Salary,INR,12/11/2022,36906.84,29019.39,Dormant,8/1/2026 0:00
A00000043,C000148,PRD004,BR006,Salary,INR,12/11/2025,16386.14,15087.03,Active,9/4/2026 0:00
A00000044,C000327,PRD003,BR017,Current,INR,1/21/2023,87316.1,72799.09,Active,8/7/2026 0:00
A00000045,C000131,PRD005,BR012,NRE,INR,9/17/2022,9670.73,9028.38,Active,8/13/2026 0:00
A00000046,C000267,PRD003,BR018,Current,INR,12/31/2024,15983.05,13391.86,Active,8/17/2026 0:00
A00000047,C000099,PRD001,BR017,Savings,INR,5/6/2021,49585.75,38260.2,Active,8/25/2026 0:00
A00000048,C000337,PRD005,BR015,NRE,INR,3/30/2021,41690.87,38518.75,Active,8/30/2026 0:00
A00000049,C000339,PRD001,BR020,Savings,INR,2/6/2023,479159.16,451530.74,Active,9/12/2026 0:00
A00000050,C000395,PRD003,BR009,Current,INR,2/9/2023,3299.2,3115.36,Active,8/22/2026 0:00
A00000051,C000031,PRD003,BR009,Current,INR,12/9/2024,63762.62,48928.22,Blocked,8/13/2026 0:00
A00000052,C000313,PRD004,BR007,Salary,INR,8/12/2021,7435.11,6581.25,Active,9/9/2026 0:00
A00000053,C000330,PRD001,BR004,Savings,INR,12/31/2024,25934.29,19572.38,Active,9/11/2026 0:00
A00000054,C000328,PRD001,BR004,Savings,INR,5/21/2024,5791.45,5175.59,Active,9/1/2026 0:00
A00000055,C000245,PRD004,BR012,Salary,INR,10/14/2020,12021.92,10639.79,Active,9/14/2026 0:00
A00000056,C000419,PRD004,BR020,Salary,INR,1/10/2024,5440.3,4533.73,Active,8/4/2026 0:00
A00000057,C000324,PRD001,BR017,Savings,INR,10/24/2023,4559.63,3511.44,Active,8/19/2026 0:00
A00000058,C000332,PRD002,BR001,Savings,INR,5/16/2024,17229.22,16783.24,Active,8/23/2026 0:00
A00000059,C000250,PRD001,BR008,Savings,INR,2/15/2022,71385.34,56036.47,Active,9/7/2026 0:00
A00000060,C000123,PRD004,BR020,Salary,INR,6/14/2023,8771.94,7674.75,Closed,8/29/2026 0:00
A00000061,C000495,PRD001,BR006,Savings,INR,1/6/2026,37419.56,29458.11,Active,8/5/2026 0:00
A00000062,C000019,PRD002,BR002,Savings,INR,7/6/2020,21602.8,17512.76,Active,8/1/2026 0:00
A00000063,C000089,PRD001,BR013,Savings,INR,9/18/2020,3725.62,3555.92,Active,9/1/2026 0:00
A00000064,C000305,PRD005,BR016,NRE,INR,10/11/2024,1898.05,1583.61,Dormant,9/13/2026 0:00
A00000065,C000206,PRD003,BR012,Current,INR,2/13/2026,2809.62,2203.68,Dormant,8/14/2026 0:00
A00000066,C000392,PRD001,BR016,Savings,INR,5/9/2021,28010.03,22925.46,Active,8/11/2026 0:00
A00000067,C000357,PRD003,BR003,Current,INR,7/11/2026,25931.7,19712.62,Active,9/10/2026 0:00
A00000068,C000314,PRD004,BR018,Salary,INR,1/4/2022,21536.39,21138.7,Active,9/7/2026 0:00
A00000069,C000455,PRD003,BR011,Current,INR,5/3/2025,10443.43,9640.22,Active,9/10/2026 0:00
A00000070,C000139,PRD005,BR018,NRE,INR,12/15/2021,19696.42,17778.67,Active,8/12/2026 0:00
A00000071,C000368,PRD004,BR020,Salary,INR,5/18/2023,27194.7,22760.97,Active,8/16/2026 0:00
A00000072,C000099,PRD001,BR017,Savings,INR,1/19/2026,97365.03,85377.95,Active,9/10/2026 0:00
A00000073,C000338,PRD002,BR002,Savings,INR,9/3/2021,13688.37,12611.25,Closed,8/31/2026 0:00
A00000074,C000255,PRD002,BR016,Savings,INR,5/8/2022,6612.27,5677.74,Active,8/30/2026 0:00
A00000075,C000023,PRD001,BR018,Savings,INR,8/21/2022,21397.03,19906.74,Active,8/21/2026 0:00
A00000076,C000215,PRD002,BR015,Savings,INR,7/21/2022,13089.99,10138.41,Active,8/13/2026 0:00
A00000077,C000193,PRD002,BR009,Savings,INR,8/10/2020,3776.92,3673.52,Active,9/9/2026 0:00
A00000078,C000233,PRD002,BR010,Savings,INR,3/6/2022,17609.3,15989.34,Blocked,8/13/2026 0:00
A00000079,C000172,PRD002,BR003,Savings,INR,3/21/2025,14422.92,12470.7,Active,8/22/2026 0:00
A00000080,C000113,PRD003,BR003,Current,INR,11/27/2021,51266.79,45859.7,Active,8/15/2026 0:00
A00000081,C000045,PRD004,BR003,Salary,INR,6/5/2022,73052.38,65593.38,Dormant,8/18/2026 0:00
A00000082,C000008,PRD004,BR010,Salary,INR,9/2/2023,37715.61,32381.2,Active,9/7/2026 0:00
A00000083,C000485,PRD002,BR016,Savings,INR,4/11/2025,19004.07,17737.81,Active,8/28/2026 0:00
A00000084,C000272,PRD004,BR004,Salary,INR,2/5/2021,18470.41,15942,Active,9/5/2026 0:00
A00000085,C000386,PRD001,BR017,Savings,INR,6/11/2022,38501.21,30153.3,Active,9/11/2026 0:00
A00000086,C000047,PRD001,BR002,Savings,INR,2/24/2025,20954.49,20210.2,Active,8/2/2026 0:00
A00000087,C000500,PRD004,BR017,Salary,INR,7/18/2024,20492.73,16317.06,Dormant,9/10/2026 0:00
A00000088,C000238,PRD001,BR018,Savings,INR,5/13/2020,60583.22,49929.51,Active,9/14/2026 0:00
A00000089,C000485,PRD005,BR016,NRE,INR,11/27/2020,31389.05,28410.66,Active,8/4/2026 0:00
A00000090,C000264,PRD003,BR018,Current,INR,2/6/2024,12023.09,10118.73,Active,9/15/2026 0:00
A00000091,C000035,PRD005,BR015,NRE,INR,10/3/2023,34598.47,28012.93,Active,8/31/2026 0:00
A00000092,C000378,PRD005,BR019,NRE,INR,7/12/2022,187699.28,155812.17,Dormant,9/2/2026 0:00
A00000093,C000349,PRD004,BR020,Salary,INR,11/15/2023,14644.51,12639.72,Active,8/8/2026 0:00
A00000094,C000241,PRD005,BR002,NRE,INR,4/12/2023,42396.2,36587.69,Active,9/13/2026 0:00
A00000095,C000485,PRD001,BR016,Savings,INR,1/2/2022,6891.69,5665.61,Closed,8/7/2026 0:00
A00000096,C000085,PRD003,BR002,Current,INR,9/8/2021,10085.38,9770.19,Active,9/10/2026 0:00
A00000097,C000012,PRD003,BR011,Current,INR,6/24/2021,14032.97,12187.3,Active,9/11/2026 0:00
A00000098,C000011,PRD003,BR018,Current,INR,6/28/2026,23171.6,19364.46,Active,8/21/2026 0:00
A00000099,C000249,PRD005,BR019,NRE,INR,2/24/2026,40360.06,34762.69,Active,8/9/2026 0:00
A00000100,C000460,PRD003,BR003,Current,INR,6/6/2025,10290.61,8674.73,Active,8/4/2026 0:00
A00000101,C000076,PRD003,BR008,Current,INR,1/1/2026,28071.38,23055.35,Blocked,9/15/2026 0:00
A00000102,C000355,PRD002,BR010,Savings,INR,7/20/2023,11406.44,10193.15,Active,8/24/2026 0:00
A00000103,C000095,PRD002,BR020,Savings,INR,7/22/2023,24613.51,24478.27,Active,8/29/2026 0:00
A00000104,C000277,PRD002,BR014,Savings,INR,4/12/2020,23522.13,20020.64,Active,8/10/2026 0:00
A00000105,C000486,PRD004,BR009,Salary,INR,9/9/2025,130238.7,108465.42,Active,8/31/2026 0:00
A00000106,C000459,PRD003,BR019,Current,INR,12/15/2024,146274.18,122090.83,Active,8/31/2026 0:00
A00000107,C000461,PRD001,BR012,Savings,INR,6/15/2023,5554.93,4200.63,Active,8/15/2026 0:00
A00000108,C000229,PRD003,BR008,Current,INR,6/28/2022,39417.25,37261.95,Active,8/13/2026 0:00
A00000109,C000012,PRD001,BR011,Savings,INR,12/23/2020,24805.78,24655.95,Active,9/1/2026 0:00
A00000110,C000163,PRD005,BR002,NRE,INR,1/18/2024,532318.2,452145.49,Active,8/28/2026 0:00
A00000111,C000190,PRD004,BR009,Salary,INR,12/10/2023,16236.68,13428.08,Active,9/5/2026 0:00
A00000112,C000045,PRD002,BR003,Savings,INR,8/29/2024,44503.19,42319.03,Active,8/28/2026 0:00
A00000113,C000374,PRD004,BR011,Salary,INR,12/18/2020,4925.47,3870.98,Active,9/3/2026 0:00
A00000114,C000172,PRD001,BR003,Savings,INR,3/19/2024,135321.79,104483.59,Active,8/18/2026 0:00
A00000115,C000213,PRD002,BR013,Savings,INR,7/14/2021,30652.04,24515.94,Dormant,8/19/2026 0:00
A00000116,C000284,PRD004,BR008,Salary,INR,4/9/2026,50241.52,46974.01,Active,8/1/2026 0:00
A00000117,C000079,PRD003,BR011,Current,INR,4/19/2025,8486.78,6628.55,Active,8/19/2026 0:00
A00000118,C000214,PRD002,BR013,Savings,INR,9/29/2022,21065.89,15949.21,Active,9/1/2026 0:00
A00000119,C000497,PRD001,BR012,Savings,INR,5/22/2025,28733.25,25612.64,Dormant,9/10/2026 0:00
A00000120,C000352,PRD004,BR012,Salary,INR,3/12/2020,9753.97,9376.69,Active,8/4/2026 0:00
A00000121,C000075,PRD003,BR005,Current,INR,1/3/2024,17714.01,14008.72,Active,8/27/2026 0:00
A00000122,C000326,PRD003,BR016,Current,INR,11/10/2020,7383.68,6486.32,Active,8/12/2026 0:00
A00000123,C000392,PRD001,BR016,Savings,INR,8/14/2023,26995.63,26134.76,Dormant,9/13/2026 0:00
A00000124,C000410,PRD003,BR019,Current,INR,1/24/2024,6014.33,4654.84,Active,8/10/2026 0:00
A00000125,C000007,PRD002,BR011,Savings,INR,6/9/2025,23149.26,19746.29,Closed,8/11/2026 0:00
A00000126,C000053,PRD002,BR015,Savings,INR,2/10/2022,10292.22,9765.02,Active,9/14/2026 0:00
A00000127,C000426,PRD005,BR018,NRE,INR,4/11/2021,173746.94,148438.36,Closed,8/8/2026 0:00
A00000128,C000420,PRD002,BR011,Savings,INR,6/30/2023,88927.32,82058.81,Active,8/29/2026 0:00
A00000129,C000456,PRD005,BR002,NRE,INR,12/6/2021,83041.34,77018.66,Active,8/8/2026 0:00
A00000130,C000114,PRD002,BR020,Savings,INR,7/17/2022,44969.19,37183.09,Active,8/6/2026 0:00
A00000131,C000218,PRD001,BR016,Savings,INR,5/2/2021,22574.6,22058.37,Active,8/20/2026 0:00
A00000132,C000342,PRD001,BR015,Savings,INR,4/21/2022,163827.51,146937.02,Active,9/12/2026 0:00
A00000133,C000180,PRD001,BR015,Savings,INR,8/12/2025,16139.6,15255.16,Active,9/2/2026 0:00
A00000134,C000292,PRD001,BR001,Savings,INR,2/27/2020,4314.58,3806.36,Active,8/19/2026 0:00
A00000135,C000088,PRD005,BR016,NRE,INR,1/28/2022,69376.33,59657.85,Closed,8/12/2026 0:00
A00000136,C000428,PRD003,BR001,Current,INR,10/7/2025,92384.11,74543.68,Active,8/21/2026 0:00
A00000137,C000064,PRD004,BR015,Salary,INR,4/1/2026,101095.7,94073,Active,9/1/2026 0:00
A00000138,C000060,PRD004,BR004,Salary,INR,7/1/2023,8699.7,8019.05,Dormant,8/15/2026 0:00
A00000139,C000284,PRD004,BR008,Salary,INR,2/12/2022,1837.48,1771.69,Dormant,8/31/2026 0:00
A00000140,C000481,PRD003,BR007,Current,INR,11/29/2024,21676.6,19089.84,Active,8/8/2026 0:00
A00000141,C000074,PRD004,BR005,Salary,INR,2/20/2021,14524.97,13586.05,Dormant,8/11/2026 0:00
A00000142,C000034,PRD003,BR006,Current,INR,7/13/2024,75557.1,58986.71,Dormant,9/1/2026 0:00
A00000143,C000143,PRD005,BR002,NRE,INR,6/27/2024,42585.01,35729.86,Active,8/26/2026 0:00
A00000144,C000249,PRD005,BR019,NRE,INR,3/18/2021,4294.14,3351.78,Active,8/15/2026 0:00
A00000145,C000322,PRD002,BR011,Savings,INR,4/19/2020,68125.62,67649.98,Active,9/13/2026 0:00
A00000146,C000168,PRD002,BR007,Savings,INR,11/9/2020,8972.12,8211.91,Active,9/1/2026 0:00
A00000147,C000406,PRD004,BR008,Salary,INR,7/1/2025,4849.98,4249.55,Active,9/4/2026 0:00
A00000148,C000280,PRD001,BR018,Savings,INR,4/20/2024,5412.25,4668.22,Dormant,8/29/2026 0:00
A00000149,C000236,PRD001,BR007,Savings,INR,11/3/2021,53477.34,46678.76,Active,9/15/2026 0:00
A00000150,C000200,PRD004,BR014,Salary,INR,7/2/2025,62975.56,57623.87,Active,9/6/2026 0:00
A00000151,C000241,PRD004,BR002,Salary,INR,8/16/2020,24998.92,21195.24,Active,8/25/2026 0:00
A00000152,C000316,PRD003,BR005,Current,INR,9/8/2020,41724.81,31587.21,Active,8/24/2026 0:00
A00000153,C000179,PRD005,BR017,NRE,INR,11/14/2023,16289.9,16257.1,Active,8/4/2026 0:00
A00000154,C000339,PRD002,BR020,Savings,INR,12/13/2020,6436.03,6291.85,Active,8/20/2026 0:00
A00000155,C000059,PRD003,BR016,Current,INR,6/2/2020,6455.55,5585.52,Dormant,9/6/2026 0:00
A00000156,C000264,PRD004,BR018,Salary,INR,4/1/2020,5902.71,5881.7,Active,8/25/2026 0:00
A00000157,C000166,PRD005,BR020,NRE,INR,4/23/2022,5716.88,4767.83,Active,9/12/2026 0:00
A00000158,C000174,PRD002,BR016,Savings,INR,11/20/2024,30013.71,24024.16,Active,8/5/2026 0:00
A00000159,C000431,PRD005,BR005,NRE,INR,5/2/2023,11299.43,11288.77,Active,8/15/2026 0:00
A00000160,C000320,PRD001,BR019,Savings,INR,10/11/2023,53392.96,43693.66,Active,9/3/2026 0:00
A00000161,C000244,PRD004,BR003,Salary,INR,5/21/2023,1926.05,1687.53,Active,9/12/2026 0:00
A00000162,C000277,PRD003,BR014,Current,INR,10/11/2025,9312.89,8039.88,Active,8/12/2026 0:00
A00000163,C000452,PRD001,BR007,Savings,INR,2/3/2022,34660.29,30993.61,Active,8/30/2026 0:00
A00000164,C000138,PRD005,BR006,NRE,INR,4/1/2022,33307.14,28013.59,Active,8/10/2026 0:00
A00000165,C000383,PRD003,BR012,Current,INR,9/20/2020,59936.22,54450.97,Dormant,8/18/2026 0:00
A00000166,C000422,PRD003,BR006,Current,INR,8/25/2022,30851.79,26269.27,Active,8/13/2026 0:00
A00000167,C000015,PRD002,BR004,Savings,INR,6/11/2025,46125.13,41049.35,Active,9/11/2026 0:00
A00000168,C000464,PRD001,BR001,Savings,INR,4/29/2020,10905.85,8883.9,Active,9/12/2026 0:00
A00000169,C000282,PRD002,BR002,Savings,INR,6/13/2025,28522.69,26969.87,Active,8/6/2026 0:00
A00000170,C000161,PRD005,BR018,NRE,INR,7/25/2024,15212.85,14820.26,Active,8/6/2026 0:00
A00000171,C000204,PRD002,BR020,Savings,INR,8/11/2025,7665.77,7537.24,Active,9/7/2026 0:00
A00000172,C000487,PRD005,BR019,NRE,INR,7/7/2023,13201.24,10987.68,Active,8/25/2026 0:00
A00000173,C000413,PRD002,BR009,Savings,INR,3/13/2021,57262.26,45454.13,Closed,8/29/2026 0:00
A00000174,C000210,PRD003,BR005,Current,INR,4/7/2021,26666.2,22109.55,Active,9/13/2026 0:00
A00000175,C000127,PRD003,BR006,Current,INR,6/16/2023,9637.18,7278.66,Closed,9/8/2026 0:00
A00000176,C000018,PRD001,BR018,Savings,INR,9/8/2022,103661.75,84302.47,Active,9/10/2026 0:00
A00000177,C000491,PRD003,BR010,Current,INR,12/17/2024,23823.54,20181.34,Closed,8/26/2026 0:00
A00000178,C000475,PRD003,BR008,Current,INR,10/18/2021,41221.8,40355.02,Active,9/11/2026 0:00
A00000179,C000209,PRD001,BR002,Savings,INR,7/6/2025,14452.2,12541.23,Active,8/22/2026 0:00
A00000180,C000368,PRD004,BR020,Salary,INR,9/4/2025,139486.64,106929.32,Active,9/5/2026 0:00
A00000181,C000378,PRD003,BR019,Current,INR,8/1/2020,20283.53,18464.97,Active,8/29/2026 0:00
A00000182,C000406,PRD002,BR008,Savings,INR,3/29/2021,10032.53,7920.24,Active,9/11/2026 0:00
A00000183,C000391,PRD002,BR020,Savings,INR,8/1/2023,146402.98,126327.1,Dormant,8/9/2026 0:00
A00000184,C000134,PRD002,BR016,Savings,INR,2/28/2023,140998.31,112751.54,Active,8/12/2026 0:00
A00000185,C000202,PRD004,BR016,Salary,INR,3/9/2025,226827.23,181363.47,Active,8/11/2026 0:00
A00000186,C000026,PRD004,BR001,Salary,INR,9/3/2021,36555.81,28230.78,Active,9/6/2026 0:00
A00000187,C000061,PRD001,BR008,Savings,INR,2/1/2025,42782.24,40934.66,Active,8/15/2026 0:00
A00000188,C000366,PRD002,BR009,Savings,INR,7/17/2025,43465.47,36750.85,Active,8/14/2026 0:00
A00000189,C000308,PRD002,BR019,Savings,INR,7/31/2024,37145.06,35217.82,Active,8/17/2026 0:00
A00000190,C000121,PRD005,BR006,NRE,INR,7/15/2026,19694.93,18140.35,Active,8/1/2026 0:00
A00000191,C000241,PRD002,BR002,Savings,INR,4/19/2024,17622.09,16337.67,Active,8/17/2026 0:00
A00000192,C000038,PRD001,BR004,Savings,INR,8/19/2022,24420.08,21190.11,Active,9/8/2026 0:00
A00000193,C000481,PRD005,BR007,NRE,INR,1/22/2020,145907.39,118683.15,Active,8/20/2026 0:00
A00000194,C000203,PRD003,BR005,Current,INR,10/21/2023,7210.44,6990.34,Active,8/21/2026 0:00
A00000195,C000364,PRD005,BR018,NRE,INR,7/7/2023,18852.99,14347.89,Active,8/18/2026 0:00
A00000196,C000383,PRD003,BR012,Current,INR,12/14/2022,61067.11,55157.82,Active,8/17/2026 0:00
A00000197,C000265,PRD003,BR002,Current,INR,7/5/2025,19303.69,18163.21,Active,9/12/2026 0:00
A00000198,C000326,PRD004,BR016,Salary,INR,11/22/2024,5437.38,4235.75,Dormant,9/1/2026 0:00
A00000199,C000021,PRD004,BR009,Salary,INR,6/10/2025,9452.75,8171.33,Active,8/10/2026 0:00
A00000200,C000064,PRD003,BR015,Current,INR,9/14/2025,11399.2,10893.56,Active,9/12/2026 0:00
A00000201,C000300,PRD002,BR020,Savings,INR,9/1/2024,24440.13,23953.85,Active,9/1/2026 0:00
A00000202,C000347,PRD001,BR019,Savings,INR,6/2/2024,58335.49,49199.54,Closed,8/7/2026 0:00
A00000203,C000429,PRD003,BR008,Current,INR,2/2/2025,116580.97,105749.34,Active,9/12/2026 0:00
A00000204,C000003,PRD003,BR011,Current,INR,5/20/2026,69273.58,54194.8,Dormant,9/11/2026 0:00
A00000205,C000145,PRD003,BR019,Current,INR,2/19/2026,162171.01,160220.91,Active,8/26/2026 0:00
A00000206,C000131,PRD002,BR012,Savings,INR,6/21/2024,3145.98,2429.63,Dormant,8/11/2026 0:00
A00000207,C000199,PRD004,BR012,Salary,INR,9/23/2021,4958.94,3868.72,Active,8/28/2026 0:00
A00000208,C000377,PRD003,BR013,Current,INR,1/10/2024,126359.73,115793.54,Dormant,9/2/2026 0:00
A00000209,C000103,PRD004,BR003,Salary,INR,1/4/2023,18902.41,16837.59,Active,8/28/2026 0:00
A00000210,C000416,PRD003,BR018,Current,INR,10/10/2024,31107.19,24053.23,Active,8/30/2026 0:00
A00000211,C000347,PRD002,BR019,Savings,INR,7/21/2025,53332.06,47029.26,Active,8/6/2026 0:00
A00000212,C000149,PRD004,BR012,Salary,INR,5/10/2025,6917.71,5707.79,Blocked,9/13/2026 0:00
A00000213,C000463,PRD003,BR011,Current,INR,4/25/2023,75250.39,67133.43,Active,8/3/2026 0:00
A00000214,C000263,PRD001,BR017,Savings,INR,3/18/2025,22722.95,20796.36,Active,8/17/2026 0:00
A00000215,C000182,PRD003,BR005,Current,INR,3/7/2020,41543.73,32341.12,Active,8/12/2026 0:00
A00000216,C000403,PRD002,BR015,Savings,INR,7/9/2023,13548.04,12149.91,Active,9/12/2026 0:00
A00000217,C000231,PRD005,BR003,NRE,INR,2/5/2022,49107.61,39421.97,Active,9/8/2026 0:00
A00000218,C000133,PRD001,BR014,Savings,INR,6/5/2024,19621.05,15288.12,Active,8/31/2026 0:00
A00000219,C000236,PRD004,BR007,Salary,INR,1/17/2024,30962.7,28568.22,Closed,9/13/2026 0:00
A00000220,C000203,PRD003,BR005,Current,INR,4/19/2020,33332.04,26742.54,Active,9/11/2026 0:00
A00000221,C000124,PRD004,BR003,Salary,INR,3/13/2025,23680.91,18637.86,Active,8/8/2026 0:00
A00000222,C000086,PRD002,BR005,Savings,INR,6/9/2025,46093.92,40003.64,Dormant,9/7/2026 0:00
A00000223,C000125,PRD002,BR012,Savings,INR,5/23/2024,2796.83,2133.23,Active,9/10/2026 0:00
A00000224,C000434,PRD004,BR004,Salary,INR,3/20/2026,60253.7,60239.03,Active,8/26/2026 0:00
A00000225,C000249,PRD005,BR019,NRE,INR,6/21/2025,32925.54,26603.06,Active,8/2/2026 0:00
A00000226,C000217,PRD005,BR009,NRE,INR,9/4/2024,15719.56,15283.89,Active,9/9/2026 0:00
A00000227,C000481,PRD003,BR007,Current,INR,10/22/2021,18821.52,15471.34,Active,8/23/2026 0:00
A00000228,C000225,PRD002,BR013,Savings,INR,10/21/2023,22737.46,22292.58,Dormant,9/15/2026 0:00
A00000229,C000337,PRD004,BR015,Salary,INR,5/17/2024,8995.78,8905.38,Dormant,9/13/2026 0:00
A00000230,C000335,PRD003,BR003,Current,INR,10/25/2021,278073.63,251784.71,Active,8/6/2026 0:00
A00000231,C000342,PRD004,BR015,Salary,INR,7/8/2025,9948.17,7712.08,Active,9/1/2026 0:00
A00000232,C000156,PRD002,BR015,Savings,INR,8/24/2025,16457.31,12474.52,Active,8/28/2026 0:00
A00000233,C000059,PRD005,BR016,NRE,INR,6/15/2025,7551.98,6150.75,Active,8/23/2026 0:00
A00000234,C000394,PRD001,BR007,Savings,INR,9/11/2021,62692.78,60395.22,Dormant,9/8/2026 0:00
A00000235,C000343,PRD001,BR020,Savings,INR,3/30/2021,18097.4,17982.75,Active,9/9/2026 0:00
A00000236,C000401,PRD001,BR001,Savings,INR,4/21/2022,3536.28,3457.59,Active,8/19/2026 0:00
A00000237,C000363,PRD004,BR012,Salary,INR,2/10/2021,53956.44,42548.64,Active,8/9/2026 0:00
A00000238,C000063,PRD002,BR003,Savings,INR,1/27/2020,18420.23,14944.87,Active,8/22/2026 0:00
A00000239,C000147,PRD005,BR003,NRE,INR,8/26/2024,10215.35,8582.54,Active,8/10/2026 0:00
A00000240,C000386,PRD005,BR017,NRE,INR,10/22/2024,18508.98,15794.68,Active,8/30/2026 0:00
A00000241,C000488,PRD005,BR020,NRE,INR,5/1/2020,48625.05,41848.89,Active,9/15/2026 0:00
A00000242,C000413,PRD005,BR009,NRE,INR,9/10/2021,81509.69,79523.12,Active,9/10/2026 0:00
A00000243,C000366,PRD005,BR009,NRE,INR,3/17/2026,88997.87,86184.34,Active,8/21/2026 0:00
A00000244,C000466,PRD003,BR017,Current,INR,7/12/2024,40108.53,34555.39,Active,9/4/2026 0:00
A00000245,C000320,PRD005,BR019,NRE,INR,7/14/2024,52163.84,49234.84,Dormant,8/6/2026 0:00
A00000246,C000019,PRD005,BR002,NRE,INR,5/31/2021,7841.22,6901.19,Active,8/14/2026 0:00
A00000247,C000048,PRD005,BR009,NRE,INR,10/17/2021,26518.56,20044.2,Dormant,9/4/2026 0:00
A00000248,C000304,PRD003,BR002,Current,INR,9/27/2024,3087.7,3077.63,Active,8/4/2026 0:00
A00000249,C000431,PRD003,BR005,Current,INR,5/22/2021,9539.15,7268.2,Active,8/8/2026 0:00
A00000250,C000230,PRD003,BR014,Current,INR,10/20/2023,24957.16,24850.78,Active,9/7/2026 0:00
A00000251,C000290,PRD005,BR012,NRE,INR,5/10/2023,47637.09,39116.43,Active,9/15/2026 0:00
A00000252,C000294,PRD002,BR007,Savings,INR,10/11/2022,47361.37,36766.95,Active,8/13/2026 0:00
A00000253,C000422,PRD003,BR006,Current,INR,10/9/2024,20093.61,19231.78,Active,8/4/2026 0:00
A00000254,C000218,PRD002,BR016,Savings,INR,2/21/2024,20464.42,18811.01,Active,9/5/2026 0:00
A00000255,C000266,PRD004,BR001,Salary,INR,9/30/2024,102258.56,102169.38,Active,9/1/2026 0:00
A00000256,C000375,PRD004,BR016,Salary,INR,6/4/2021,42159.73,36729.18,Active,9/15/2026 0:00
A00000257,C000263,PRD005,BR017,NRE,INR,4/22/2025,9583.6,7265.82,Active,9/5/2026 0:00
A00000258,C000190,PRD001,BR009,Savings,INR,5/10/2021,29576.37,24915.03,Active,9/3/2026 0:00
A00000259,C000079,PRD001,BR011,Savings,INR,8/8/2021,11423.81,8973.8,Active,8/4/2026 0:00
A00000260,C000480,PRD003,BR017,Current,INR,6/25/2025,51579.02,38711.16,Active,8/5/2026 0:00
A00000261,C000446,PRD001,BR014,Savings,INR,5/6/2026,15816.38,13651.02,Active,8/25/2026 0:00
A00000262,C000244,PRD005,BR003,NRE,INR,3/2/2025,10601.86,9970.2,Active,8/10/2026 0:00
A00000263,C000444,PRD003,BR004,Current,INR,8/4/2024,3369,2852.9,Closed,8/22/2026 0:00
A00000264,C000277,PRD001,BR014,Savings,INR,11/9/2021,69078.1,64021.73,Active,9/15/2026 0:00
A00000265,C000159,PRD005,BR001,NRE,INR,12/14/2020,44326.64,35377.39,Active,9/6/2026 0:00
A00000266,C000388,PRD001,BR005,Savings,INR,5/3/2025,113591.66,99467.64,Active,9/12/2026 0:00
A00000267,C000480,PRD005,BR017,NRE,INR,7/1/2026,42269.59,36396.54,Active,9/8/2026 0:00
A00000268,C000165,PRD004,BR016,Salary,INR,4/5/2020,29729.13,24823.5,Active,8/2/2026 0:00
A00000269,C000441,PRD005,BR018,NRE,INR,4/14/2021,14447.11,14374.1,Active,8/19/2026 0:00
A00000270,C000074,PRD002,BR005,Savings,INR,6/10/2023,13896.06,13729.88,Active,8/4/2026 0:00
A00000271,C000315,PRD003,BR009,Current,INR,5/5/2023,3274.54,2775.12,Active,8/27/2026 0:00
A00000272,C000458,PRD003,BR002,Current,INR,8/26/2022,7270.57,6348.99,Active,8/25/2026 0:00
A00000273,C000487,PRD001,BR019,Savings,INR,3/15/2026,12324.83,10497.91,Active,8/27/2026 0:00
A00000274,C000325,PRD002,BR006,Savings,INR,2/19/2021,27561.35,22368.21,Active,8/9/2026 0:00
A00000275,C000156,PRD005,BR015,NRE,INR,8/11/2025,18497.06,14813.63,Closed,8/24/2026 0:00
A00000276,C000277,PRD002,BR014,Savings,INR,10/1/2024,62703.76,62097.92,Active,8/3/2026 0:00
A00000277,C000001,PRD004,BR010,Salary,INR,9/3/2020,30192.92,29691.01,Active,9/8/2026 0:00
A00000278,C000129,PRD004,BR005,Salary,INR,12/27/2025,14081.52,12543.4,Active,8/26/2026 0:00
A00000279,C000358,PRD001,BR001,Savings,INR,2/18/2023,173215.88,167944.89,Active,9/2/2026 0:00
A00000280,C000491,PRD003,BR010,Current,INR,8/10/2023,35963.28,30043.99,Active,9/8/2026 0:00
A00000281,C000169,PRD001,BR006,Savings,INR,1/18/2020,140317.45,136860.2,Active,8/27/2026 0:00
A00000282,C000285,PRD004,BR011,Salary,INR,11/13/2020,58388.84,51654.41,Dormant,9/12/2026 0:00
A00000283,C000228,PRD001,BR015,Savings,INR,1/6/2024,5727.06,4849.03,Dormant,9/14/2026 0:00
A00000284,C000005,PRD001,BR012,Savings,INR,12/25/2024,8071.39,6072.44,Active,8/18/2026 0:00
A00000285,C000349,PRD003,BR020,Current,INR,6/24/2022,67603.47,54661.76,Active,8/24/2026 0:00
A00000286,C000019,PRD003,BR002,Current,INR,5/6/2022,21130.73,15885.74,Blocked,9/10/2026 0:00
A00000287,C000203,PRD001,BR005,Savings,INR,7/16/2025,96061.39,76140.11,Active,9/6/2026 0:00
A00000288,C000345,PRD005,BR010,NRE,INR,6/9/2021,24823.96,23247.47,Active,9/6/2026 0:00
A00000289,C000439,PRD002,BR015,Savings,INR,4/4/2020,1734.63,1731.14,Active,9/4/2026 0:00
A00000290,C000315,PRD003,BR009,Current,INR,1/9/2020,312250,307401.57,Active,9/11/2026 0:00
A00000291,C000027,PRD003,BR002,Current,INR,3/26/2025,6554.73,5728.14,Active,8/3/2026 0:00
A00000292,C000453,PRD002,BR012,Savings,INR,5/24/2024,23892.42,19081.73,Active,9/6/2026 0:00
A00000293,C000414,PRD001,BR015,Savings,INR,9/10/2023,53676.53,44428.14,Active,8/7/2026 0:00
A00000294,C000015,PRD004,BR004,Salary,INR,10/1/2023,19543.2,18763.95,Active,8/31/2026 0:00
A00000295,C000123,PRD003,BR020,Current,INR,10/25/2020,23022.39,21731.69,Active,8/7/2026 0:00
A00000296,C000321,PRD004,BR005,Salary,INR,9/5/2020,25542.02,25010.2,Active,9/14/2026 0:00
A00000297,C000034,PRD002,BR006,Savings,INR,8/16/2020,19337.69,17206.96,Active,8/25/2026 0:00
A00000298,C000206,PRD001,BR012,Savings,INR,2/13/2020,30999.23,26763.27,Active,8/28/2026 0:00
A00000299,C000451,PRD005,BR015,NRE,INR,4/16/2020,30023.45,25925.83,Active,8/13/2026 0:00
A00000300,C000056,PRD001,BR012,Savings,INR,6/5/2026,59922.61,46829.24,Active,8/23/2026 0:00
A00000301,C000216,PRD004,BR013,Salary,INR,9/22/2022,44083.87,34580.19,Active,8/9/2026 0:00
A00000302,C000160,PRD005,BR016,NRE,INR,1/5/2024,1431.27,1184.8,Dormant,8/10/2026 0:00
A00000303,C000076,PRD004,BR008,Salary,INR,2/19/2024,13366.35,13267.01,Active,9/12/2026 0:00
A00000304,C000348,PRD002,BR014,Savings,INR,4/10/2026,4718.42,4551.74,Active,8/13/2026 0:00
A00000305,C000500,PRD002,BR017,Savings,INR,10/7/2020,29788.66,24885.09,Active,9/14/2026 0:00
A00000306,C000355,PRD004,BR010,Salary,INR,6/27/2026,28449.27,25363.21,Active,8/20/2026 0:00
A00000307,C000215,PRD003,BR015,Current,INR,6/21/2020,7618.23,6658.2,Closed,9/10/2026 0:00
A00000308,C000115,PRD002,BR011,Savings,INR,5/23/2025,20476.7,19118,Closed,8/22/2026 0:00
A00000309,C000414,PRD004,BR015,Salary,INR,1/28/2020,11852.36,9964.33,Active,8/2/2026 0:00
A00000310,C000285,PRD001,BR011,Savings,INR,7/26/2026,7359.3,7198.7,Active,8/2/2026 0:00
A00000311,C000102,PRD002,BR013,Savings,INR,12/9/2022,13708.81,12745.21,Active,9/5/2026 0:00
A00000312,C000126,PRD002,BR018,Savings,INR,12/8/2022,11695.99,11434.73,Active,9/13/2026 0:00
A00000313,C000071,PRD004,BR007,Salary,INR,10/18/2023,222017.92,218471.97,Active,8/16/2026 0:00
A00000314,C000190,PRD003,BR009,Current,INR,3/12/2024,9408.45,7804.2,Active,9/10/2026 0:00
A00000315,C000126,PRD001,BR018,Savings,INR,1/2/2026,65752.95,54150.56,Active,8/16/2026 0:00
A00000316,C000028,PRD003,BR006,Current,INR,4/11/2025,12797.22,12128.56,Active,8/11/2026 0:00
A00000317,C000261,PRD004,BR009,Salary,INR,9/16/2025,74212.22,62602.94,Active,8/12/2026 0:00
A00000318,C000165,PRD003,BR016,Current,INR,7/19/2025,23970.59,20817.01,Active,9/10/2026 0:00
A00000319,C000472,PRD005,BR005,NRE,INR,4/11/2022,30455.26,26283.5,Active,8/14/2026 0:00
A00000320,C000157,PRD004,BR008,Salary,INR,3/12/2024,104375.58,84923.34,Active,8/6/2026 0:00
A00000321,C000152,PRD004,BR011,Salary,INR,6/17/2020,22969.93,19899.16,Active,8/28/2026 0:00
A00000322,C000231,PRD004,BR003,Salary,INR,7/30/2025,18341.69,15209.94,Active,8/12/2026 0:00
A00000323,C000227,PRD002,BR003,Savings,INR,12/3/2020,14255.59,11741.32,Active,9/4/2026 0:00
A00000324,C000330,PRD001,BR004,Savings,INR,5/24/2023,10139,9493.17,Active,8/18/2026 0:00
A00000325,C000098,PRD005,BR004,NRE,INR,12/5/2022,116323,87490.42,Active,8/23/2026 0:00
A00000326,C000401,PRD004,BR001,Salary,INR,5/9/2022,4067.48,3533.05,Active,9/5/2026 0:00
A00000327,C000388,PRD004,BR005,Salary,INR,12/17/2020,44744.9,37060.8,Active,9/14/2026 0:00
A00000328,C000214,PRD002,BR013,Savings,INR,5/3/2020,10771.52,9087.66,Active,8/9/2026 0:00
A00000329,C000157,PRD001,BR008,Savings,INR,12/23/2023,22004.35,18372.65,Active,9/13/2026 0:00
A00000330,C000386,PRD004,BR017,Salary,INR,5/12/2023,94560.24,78628.72,Active,8/3/2026 0:00
A00000331,C000473,PRD002,BR020,Savings,INR,6/8/2026,10029.52,9695.9,Blocked,8/14/2026 0:00
A00000332,C000486,PRD004,BR009,Salary,INR,4/28/2025,6503.74,5054.44,Active,8/29/2026 0:00
A00000333,C000328,PRD003,BR004,Current,INR,6/24/2025,24191.8,18306.17,Active,8/25/2026 0:00
A00000334,C000146,PRD002,BR013,Savings,INR,10/13/2020,5737.09,4954.93,Active,8/1/2026 0:00
A00000335,C000088,PRD003,BR016,Current,INR,10/5/2021,62783.07,62619.76,Active,8/27/2026 0:00
A00000336,C000245,PRD001,BR012,Savings,INR,4/25/2022,3055.75,2391.07,Active,8/28/2026 0:00
A00000337,C000419,PRD004,BR020,Salary,INR,6/25/2023,5554.49,4981.67,Active,9/13/2026 0:00
A00000338,C000235,PRD003,BR006,Current,INR,10/8/2022,12955.45,11419.76,Closed,9/1/2026 0:00
A00000339,C000236,PRD004,BR007,Salary,INR,3/25/2023,36212.42,33010.33,Closed,8/23/2026 0:00
A00000340,C000359,PRD003,BR016,Current,INR,12/18/2021,7645.35,6527.32,Active,9/9/2026 0:00
A00000341,C000376,PRD004,BR005,Salary,INR,1/21/2022,9785.28,9047.77,Active,9/14/2026 0:00
A00000342,C000485,PRD001,BR016,Savings,INR,4/10/2023,7758.2,7111.66,Active,8/14/2026 0:00
A00000343,C000466,PRD004,BR017,Salary,INR,5/11/2021,11624.36,11610.75,Active,8/7/2026 0:00
A00000344,C000259,PRD003,BR014,Current,INR,4/29/2022,18312.25,16050.98,Active,8/5/2026 0:00
A00000345,C000328,PRD004,BR004,Salary,INR,3/7/2022,9871.96,8382.96,Active,8/8/2026 0:00
A00000346,C000364,PRD002,BR018,Savings,INR,6/8/2025,6767.33,5856.04,Active,9/12/2026 0:00
A00000347,C000125,PRD004,BR012,Salary,INR,3/14/2020,44644.1,40257.69,Active,8/8/2026 0:00
A00000348,C000274,PRD004,BR006,Salary,INR,2/15/2020,3901.55,3586.87,Active,8/23/2026 0:00
A00000349,C000092,PRD002,BR004,Savings,INR,7/14/2020,24326.23,23331.9,Active,9/11/2026 0:00
A00000350,C000340,PRD001,BR001,Savings,INR,8/2/2020,16792.82,15106,Active,8/25/2026 0:00
A00000351,C000393,PRD002,BR003,Savings,INR,9/4/2022,71423.12,57138.24,Active,8/2/2026 0:00
A00000352,C000008,PRD003,BR010,Current,INR,9/15/2020,122778.02,98853.74,Dormant,9/12/2026 0:00
A00000353,C000086,PRD002,BR005,Savings,INR,9/1/2023,4426.5,3676.96,Active,9/9/2026 0:00
A00000354,C000107,PRD005,BR011,NRE,INR,8/9/2022,16080.2,12919.56,Active,8/12/2026 0:00
A00000355,C000008,PRD004,BR010,Salary,INR,2/14/2023,11709.85,10685.08,Active,8/5/2026 0:00
A00000356,C000454,PRD002,BR016,Savings,INR,8/8/2025,11428.79,11380.51,Active,9/4/2026 0:00
A00000357,C000406,PRD005,BR008,NRE,INR,6/28/2021,62667.07,52202.4,Active,9/14/2026 0:00
A00000358,C000163,PRD004,BR002,Salary,INR,9/24/2025,79448.92,72310.27,Active,9/7/2026 0:00
A00000359,C000361,PRD001,BR017,Savings,INR,5/23/2021,6663,5511.71,Active,8/16/2026 0:00
A00000360,C000318,PRD001,BR006,Savings,INR,4/29/2023,6587.82,5273.57,Active,9/11/2026 0:00
A00000361,C000020,PRD002,BR008,Savings,INR,12/22/2024,134219.11,125469.89,Active,8/18/2026 0:00
A00000362,C000163,PRD001,BR002,Savings,INR,3/27/2023,108689.93,101911.78,Active,8/22/2026 0:00
A00000363,C000176,PRD002,BR002,Savings,INR,6/30/2022,120898.33,109052.2,Active,8/21/2026 0:00
A00000364,C000094,PRD004,BR012,Salary,INR,7/6/2025,27945.91,21448.38,Active,9/10/2026 0:00
A00000365,C000073,PRD002,BR010,Savings,INR,2/26/2026,10123.64,9696.48,Closed,8/16/2026 0:00
A00000366,C000260,PRD001,BR001,Savings,INR,11/3/2021,17371.05,16162.35,Active,8/12/2026 0:00
A00000367,C000311,PRD002,BR007,Savings,INR,4/4/2022,9922.31,8116.1,Active,8/6/2026 0:00
A00000368,C000487,PRD003,BR019,Current,INR,12/12/2024,17858.7,15281.23,Active,8/28/2026 0:00
A00000369,C000390,PRD002,BR020,Savings,INR,12/6/2020,5815.48,5464.89,Closed,9/8/2026 0:00
A00000370,C000276,PRD002,BR003,Savings,INR,4/7/2024,24587.55,21290.67,Active,8/25/2026 0:00
A00000371,C000288,PRD005,BR001,NRE,INR,4/6/2025,20967.19,16751.29,Closed,8/1/2026 0:00
A00000372,C000007,PRD005,BR011,NRE,INR,7/15/2024,41422.36,40652.85,Closed,8/24/2026 0:00
A00000373,C000197,PRD004,BR007,Salary,INR,11/28/2023,143387.69,125808.66,Active,9/14/2026 0:00
A00000374,C000189,PRD001,BR008,Savings,INR,5/21/2020,37556.83,36819.48,Active,9/15/2026 0:00
A00000375,C000347,PRD001,BR019,Savings,INR,12/6/2022,57249.41,51602.27,Closed,8/10/2026 0:00
A00000376,C000131,PRD002,BR012,Savings,INR,4/23/2024,81409.45,69150.55,Active,8/6/2026 0:00
A00000377,C000266,PRD002,BR001,Savings,INR,10/14/2024,47728.14,38813.37,Active,9/4/2026 0:00
A00000378,C000338,PRD004,BR002,Salary,INR,12/30/2020,38369.57,29825.38,Active,8/23/2026 0:00
A00000379,C000417,PRD002,BR011,Savings,INR,6/18/2024,13342.62,12338.62,Active,8/11/2026 0:00
A00000380,C000418,PRD004,BR007,Salary,INR,3/27/2023,44755.43,41768.48,Active,8/24/2026 0:00
A00000381,C000096,PRD002,BR008,Savings,INR,3/27/2021,11692.4,10086.63,Active,8/12/2026 0:00
A00000382,C000103,PRD001,BR003,Savings,INR,2/24/2022,208313.53,169741.78,Closed,8/27/2026 0:00
A00000383,C000226,PRD005,BR008,NRE,INR,11/22/2020,3484.03,2868.34,Active,8/18/2026 0:00
A00000384,C000033,PRD003,BR004,Current,INR,2/8/2020,19809.82,15159.74,Active,8/1/2026 0:00
A00000385,C000341,PRD005,BR002,NRE,INR,3/18/2024,2037.37,1835.15,Blocked,8/18/2026 0:00
A00000386,C000478,PRD004,BR018,Salary,INR,10/25/2024,20552.41,17143.54,Active,8/22/2026 0:00
A00000387,C000162,PRD002,BR020,Savings,INR,12/29/2023,17655.29,17095.08,Active,8/1/2026 0:00
A00000388,C000234,PRD004,BR013,Salary,INR,12/13/2025,4645.81,3808.95,Active,8/16/2026 0:00
A00000389,C000189,PRD004,BR008,Salary,INR,4/30/2025,39942.5,35098.61,Active,8/1/2026 0:00
A00000390,C000327,PRD003,BR017,Current,INR,7/6/2020,6026.4,5980.6,Active,9/13/2026 0:00
A00000391,C000228,PRD002,BR015,Savings,INR,11/29/2020,29891.88,25022,Closed,8/31/2026 0:00
A00000392,C000338,PRD001,BR002,Savings,INR,3/10/2022,38916.25,36113.72,Dormant,9/6/2026 0:00
A00000393,C000402,PRD005,BR003,NRE,INR,12/22/2020,4447.21,3670.45,Active,9/5/2026 0:00
A00000394,C000448,PRD004,BR018,Salary,INR,4/18/2021,7875.83,6856.24,Active,8/16/2026 0:00
A00000395,C000109,PRD002,BR005,Savings,INR,1/1/2021,78973.79,61312.68,Blocked,8/2/2026 0:00
A00000396,C000083,PRD003,BR006,Current,INR,5/4/2025,11542.88,11402.93,Active,9/12/2026 0:00
A00000397,C000070,PRD005,BR001,NRE,INR,9/25/2023,34577.51,33470.52,Closed,9/8/2026 0:00
A00000398,C000034,PRD003,BR006,Current,INR,4/12/2024,10438.71,9535.55,Active,8/28/2026 0:00
A00000399,C000414,PRD002,BR015,Savings,INR,12/25/2020,12883.45,10021.34,Active,9/7/2026 0:00
A00000400,C000480,PRD002,BR017,Savings,INR,2/15/2024,35410.82,27686.1,Active,8/25/2026 0:00
A00000401,C000296,PRD001,BR003,Savings,INR,2/16/2022,9978.89,9597.49,Blocked,8/21/2026 0:00
A00000402,C000395,PRD003,BR009,Current,INR,6/28/2022,3273.07,2542.02,Active,8/30/2026 0:00
A00000403,C000162,PRD002,BR020,Savings,INR,6/15/2022,47633.94,41677.7,Active,9/8/2026 0:00
A00000404,C000146,PRD002,BR013,Savings,INR,5/20/2021,11848.29,9696.2,Dormant,9/6/2026 0:00
A00000405,C000245,PRD002,BR012,Savings,INR,3/22/2024,21400.2,16364.8,Active,8/10/2026 0:00
A00000406,C000424,PRD002,BR006,Savings,INR,1/3/2022,3697.13,3564.75,Active,8/20/2026 0:00
A00000407,C000418,PRD002,BR007,Savings,INR,11/27/2023,9265.36,8704.14,Active,9/3/2026 0:00
A00000408,C000373,PRD003,BR020,Current,INR,2/2/2021,47254.72,36987.46,Active,9/7/2026 0:00
A00000409,C000444,PRD001,BR004,Savings,INR,2/17/2025,173928.55,158911.3,Active,8/29/2026 0:00
A00000410,C000357,PRD004,BR003,Salary,INR,6/12/2022,14485.44,13776.95,Active,9/11/2026 0:00
A00000411,C000005,PRD003,BR012,Current,INR,8/27/2021,54915.55,46356.35,Blocked,9/13/2026 0:00
A00000412,C000431,PRD002,BR005,Savings,INR,8/31/2021,41493.05,37623.54,Active,8/3/2026 0:00
A00000413,C000061,PRD002,BR008,Savings,INR,12/7/2021,17081.05,15598.4,Active,9/14/2026 0:00
A00000414,C000408,PRD001,BR016,Savings,INR,12/28/2024,31438.19,26465.64,Active,8/6/2026 0:00
A00000415,C000063,PRD004,BR003,Salary,INR,7/10/2022,311966.27,235770.6,Active,9/6/2026 0:00
A00000416,C000246,PRD003,BR019,Current,INR,1/11/2022,31794.47,26897.8,Blocked,9/14/2026 0:00
A00000417,C000223,PRD003,BR016,Current,INR,9/17/2020,25236.79,23430.9,Dormant,9/4/2026 0:00
A00000418,C000095,PRD004,BR020,Salary,INR,12/11/2025,27104.51,23638.95,Active,9/7/2026 0:00
A00000419,C000276,PRD001,BR003,Savings,INR,4/25/2021,38129.56,30319.33,Active,8/12/2026 0:00
A00000420,C000003,PRD005,BR011,NRE,INR,6/9/2020,19302.4,15098.41,Active,8/11/2026 0:00
A00000421,C000045,PRD005,BR003,NRE,INR,12/12/2020,4064.8,4044.4,Active,8/24/2026 0:00
A00000422,C000495,PRD005,BR006,NRE,INR,7/8/2020,31601.78,31176.85,Active,8/19/2026 0:00
A00000423,C000338,PRD005,BR002,NRE,INR,7/5/2023,17616.3,15514.09,Blocked,8/23/2026 0:00
A00000424,C000311,PRD005,BR007,NRE,INR,7/2/2020,23346.86,18894.03,Active,8/20/2026 0:00
A00000425,C000439,PRD002,BR015,Savings,INR,6/10/2021,10300.54,9602.95,Active,9/5/2026 0:00
A00000426,C000131,PRD003,BR012,Current,INR,6/26/2024,2683.55,2318.63,Closed,9/13/2026 0:00
A00000427,C000218,PRD002,BR016,Savings,INR,1/8/2023,23535.63,23508.32,Active,8/13/2026 0:00
A00000428,C000366,PRD003,BR009,Current,INR,9/25/2025,30030.49,27064.56,Active,8/10/2026 0:00
A00000429,C000162,PRD004,BR020,Salary,INR,12/16/2025,12167.31,9460.05,Active,8/5/2026 0:00
A00000430,C000169,PRD001,BR006,Savings,INR,1/24/2023,15473.7,12171.34,Active,8/18/2026 0:00
A00000431,C000006,PRD001,BR013,Savings,INR,5/20/2021,17454.68,13857.84,Active,8/20/2026 0:00
A00000432,C000302,PRD004,BR001,Salary,INR,6/1/2026,7588.01,7332.67,Active,9/8/2026 0:00
A00000433,C000051,PRD001,BR016,Savings,INR,12/17/2025,16492.75,14644.21,Dormant,8/26/2026 0:00
A00000434,C000245,PRD005,BR012,NRE,INR,6/1/2021,22641.88,17788.99,Active,8/18/2026 0:00
A00000435,C000028,PRD003,BR006,Current,INR,9/9/2024,35386.06,32792.14,Active,8/23/2026 0:00
A00000436,C000409,PRD004,BR003,Salary,INR,10/18/2024,22143.09,19489.21,Active,8/15/2026 0:00
A00000437,C000157,PRD001,BR008,Savings,INR,7/4/2023,80290.93,77184.59,Active,8/5/2026 0:00
A00000438,C000374,PRD002,BR011,Savings,INR,2/13/2020,26455.13,26204.91,Active,9/2/2026 0:00
A00000439,C000478,PRD002,BR018,Savings,INR,12/20/2025,20497.08,18948.95,Active,9/9/2026 0:00
A00000440,C000098,PRD001,BR004,Savings,INR,11/14/2023,75760.37,61445.95,Active,9/3/2026 0:00
A00000441,C000351,PRD005,BR020,NRE,INR,11/21/2021,5303.03,4871.53,Dormant,9/3/2026 0:00
A00000442,C000463,PRD002,BR011,Savings,INR,6/30/2021,9123.65,8014.41,Closed,8/28/2026 0:00
A00000443,C000254,PRD004,BR010,Salary,INR,1/17/2026,9263.41,8917.83,Dormant,8/19/2026 0:00
A00000444,C000154,PRD004,BR003,Salary,INR,5/18/2026,14043.64,11914.7,Closed,9/11/2026 0:00
A00000445,C000264,PRD001,BR018,Savings,INR,5/7/2023,4578.99,3839.36,Active,8/12/2026 0:00
A00000446,C000206,PRD003,BR012,Current,INR,3/20/2022,5012.75,3865.76,Active,8/10/2026 0:00
A00000447,C000211,PRD001,BR005,Savings,INR,4/11/2025,40799.99,34632.65,Active,8/28/2026 0:00
A00000448,C000457,PRD002,BR015,Savings,INR,12/1/2024,23993.66,21931.88,Active,8/9/2026 0:00
A00000449,C000182,PRD004,BR005,Salary,INR,3/12/2023,32977.63,25065.11,Active,8/22/2026 0:00
A00000450,C000462,PRD001,BR003,Savings,INR,5/17/2025,10641.19,10533.98,Blocked,8/8/2026 0:00
A00000451,C000216,PRD004,BR013,Salary,INR,6/5/2021,33845.33,28132.98,Active,8/26/2026 0:00
A00000452,C000257,PRD004,BR010,Salary,INR,11/10/2023,39129.5,34238.32,Active,8/16/2026 0:00
A00000453,C000027,PRD003,BR002,Current,INR,2/2/2020,16326.21,14017.39,Active,9/1/2026 0:00
A00000454,C000043,PRD004,BR012,Salary,INR,9/25/2025,13218.69,10531.53,Active,8/8/2026 0:00
A00000455,C000443,PRD003,BR014,Current,INR,2/26/2021,43746.04,40477.61,Active,8/12/2026 0:00
A00000456,C000097,PRD005,BR001,NRE,INR,5/8/2021,28560.54,22365.01,Active,8/13/2026 0:00
A00000457,C000476,PRD002,BR015,Savings,INR,1/7/2021,15840.99,15303.78,Active,9/3/2026 0:00
A00000458,C000157,PRD002,BR008,Savings,INR,9/8/2020,9588.82,8413.86,Active,8/20/2026 0:00
A00000459,C000057,PRD003,BR004,Current,INR,7/13/2020,35668.61,28372.16,Active,9/12/2026 0:00
A00000460,C000382,PRD003,BR013,Current,INR,2/16/2021,8639.34,7410.19,Active,9/1/2026 0:00
A00000461,C000187,PRD003,BR010,Current,INR,2/25/2020,15189.53,13985.61,Active,8/9/2026 0:00
A00000462,C000170,PRD003,BR010,Current,INR,12/6/2025,42116.26,37954.27,Active,8/18/2026 0:00
A00000463,C000108,PRD005,BR017,NRE,INR,6/18/2021,3776.88,3427.1,Active,8/3/2026 0:00
A00000464,C000301,PRD002,BR005,Savings,INR,2/8/2021,8514.35,6545.15,Active,8/22/2026 0:00
A00000465,C000155,PRD004,BR010,Salary,INR,2/24/2022,32731.37,27970.7,Active,9/5/2026 0:00
A00000466,C000500,PRD003,BR017,Current,INR,4/25/2021,75237.1,73560.24,Active,8/27/2026 0:00
A00000467,C000269,PRD005,BR009,NRE,INR,1/27/2023,40095.48,37055.3,Active,8/3/2026 0:00
A00000468,C000490,PRD005,BR007,NRE,INR,10/4/2025,21628.09,21474.2,Active,9/2/2026 0:00
A00000469,C000197,PRD005,BR007,NRE,INR,1/17/2023,49016.7,39298.22,Active,9/6/2026 0:00
A00000470,C000112,PRD005,BR005,NRE,INR,10/1/2025,359576.45,310623.8,Active,9/3/2026 0:00
A00000471,C000133,PRD003,BR014,Current,INR,1/4/2023,52019.06,46194.89,Active,8/3/2026 0:00
A00000472,C000274,PRD002,BR006,Savings,INR,2/11/2023,8177.31,8028.58,Active,8/4/2026 0:00
A00000473,C000329,PRD002,BR007,Savings,INR,2/20/2024,3381.18,2810.24,Closed,9/5/2026 0:00
A00000474,C000136,PRD002,BR016,Savings,INR,8/22/2023,14695.28,14641.13,Active,8/1/2026 0:00
A00000475,C000422,PRD003,BR006,Current,INR,7/17/2026,451430.51,350585.76,Active,8/25/2026 0:00
A00000476,C000485,PRD003,BR016,Current,INR,3/6/2026,124972.21,100170.19,Active,8/21/2026 0:00
A00000477,C000138,PRD002,BR006,Savings,INR,6/7/2024,45645.3,36010.05,Active,8/28/2026 0:00
A00000478,C000189,PRD002,BR008,Savings,INR,12/22/2021,11266.41,8981.75,Active,8/12/2026 0:00
A00000479,C000332,PRD003,BR001,Current,INR,2/8/2022,8843.16,6785.92,Active,8/16/2026 0:00
A00000480,C000233,PRD004,BR010,Salary,INR,2/18/2020,5170.7,4657.89,Active,8/2/2026 0:00
A00000481,C000057,PRD001,BR004,Savings,INR,6/28/2020,78530.3,61492.74,Active,8/18/2026 0:00
A00000482,C000074,PRD005,BR005,NRE,INR,12/14/2020,40630.7,32528.14,Active,9/6/2026 0:00
A00000483,C000457,PRD004,BR015,Salary,INR,5/15/2025,48116.02,37945.66,Active,9/14/2026 0:00
A00000484,C000137,PRD005,BR019,NRE,INR,9/26/2025,8359.15,8121.87,Active,8/1/2026 0:00
A00000485,C000468,PRD002,BR008,Savings,INR,8/26/2021,5295.17,4439.09,Active,9/13/2026 0:00
A00000486,C000197,PRD001,BR007,Savings,INR,7/8/2022,4817.73,3735.83,Closed,8/23/2026 0:00
A00000487,C000040,PRD005,BR016,NRE,INR,12/13/2020,14100.33,13732.26,Active,8/12/2026 0:00
A00000488,C000220,PRD005,BR013,NRE,INR,10/7/2024,15582.44,12272.03,Active,8/20/2026 0:00
A00000489,C000320,PRD003,BR019,Current,INR,8/6/2025,16477.26,15083.83,Closed,9/15/2026 0:00
A00000490,C000409,PRD001,BR003,Savings,INR,1/3/2025,10813.82,10060.48,Active,8/31/2026 0:00
A00000491,C000418,PRD001,BR007,Savings,INR,2/14/2023,6911.35,5433.47,Active,8/9/2026 0:00
A00000492,C000094,PRD004,BR012,Salary,INR,5/25/2025,13360.86,12336.82,Active,9/10/2026 0:00
A00000493,C000171,PRD002,BR009,Savings,INR,10/4/2022,98505.61,83315.68,Active,9/4/2026 0:00
A00000494,C000274,PRD004,BR006,Salary,INR,4/24/2024,30089.69,23196.28,Active,9/3/2026 0:00
A00000495,C000296,PRD002,BR003,Savings,INR,1/12/2020,34736.83,27817.95,Dormant,8/24/2026 0:00
A00000496,C000286,PRD004,BR013,Salary,INR,7/24/2021,6896.5,5680.47,Active,9/5/2026 0:00
A00000497,C000498,PRD004,BR004,Salary,INR,8/16/2020,1693.12,1586.03,Active,9/14/2026 0:00
A00000498,C000361,PRD002,BR017,Savings,INR,10/5/2024,17749.14,14961.12,Active,9/12/2026 0:00
A00000499,C000298,PRD001,BR004,Savings,INR,10/9/2021,19972.27,15129.92,Active,8/6/2026 0:00
A00000500,C000126,PRD001,BR018,Savings,INR,4/8/2025,11959.93,11193.17,Active,9/14/2026 0:00
A00000501,C000486,PRD003,BR009,Current,INR,12/23/2024,18318.01,17316.92,Active,8/19/2026 0:00
A00000502,C000057,PRD002,BR004,Savings,INR,10/18/2021,27343.92,20582.23,Dormant,9/13/2026 0:00
A00000503,C000486,PRD004,BR009,Salary,INR,6/1/2026,37985.56,33255.15,Active,8/28/2026 0:00
A00000504,C000477,PRD002,BR019,Savings,INR,3/26/2024,14313.14,14234.15,Active,8/14/2026 0:00
A00000505,C000206,PRD005,BR012,NRE,INR,4/9/2026,6289.3,5668.36,Active,9/14/2026 0:00
A00000506,C000240,PRD004,BR008,Salary,INR,4/7/2024,9000.92,7121.58,Active,9/11/2026 0:00
A00000507,C000218,PRD002,BR016,Savings,INR,1/25/2024,14175.63,12769.37,Dormant,8/2/2026 0:00
A00000508,C000123,PRD003,BR020,Current,INR,5/17/2022,11527.87,10366.76,Active,8/20/2026 0:00
A00000509,C000097,PRD005,BR001,NRE,INR,5/24/2026,13536.37,12063.6,Active,8/31/2026 0:00
A00000510,C000024,PRD001,BR018,Savings,INR,3/2/2023,5939.22,5877.96,Active,8/21/2026 0:00
A00000511,C000385,PRD004,BR016,Salary,INR,7/26/2024,32375.96,31538.32,Active,9/2/2026 0:00
A00000512,C000414,PRD002,BR015,Savings,INR,6/2/2020,16295.06,13403.17,Active,8/30/2026 0:00
A00000513,C000041,PRD001,BR011,Savings,INR,6/2/2022,60531.64,57618.19,Active,9/15/2026 0:00
A00000514,C000083,PRD005,BR006,NRE,INR,11/13/2025,24418.19,23992.26,Active,8/9/2026 0:00
A00000515,C000174,PRD003,BR016,Current,INR,10/30/2024,4173.22,3171.66,Active,9/13/2026 0:00
A00000516,C000199,PRD002,BR012,Savings,INR,11/3/2020,6111.27,6047.13,Active,9/1/2026 0:00
A00000517,C000050,PRD001,BR004,Savings,INR,12/23/2020,297761.59,260460.42,Active,8/11/2026 0:00
A00000518,C000479,PRD003,BR010,Current,INR,1/28/2024,9830.71,8241.5,Active,9/15/2026 0:00
A00000519,C000396,PRD004,BR019,Salary,INR,11/14/2022,10013.13,9420.22,Active,8/9/2026 0:00
A00000520,C000482,PRD001,BR017,Savings,INR,1/28/2024,107069.34,103295.23,Active,9/9/2026 0:00
A00000521,C000470,PRD002,BR011,Savings,INR,7/8/2023,17886.11,15085.52,Active,9/2/2026 0:00
A00000522,C000231,PRD003,BR003,Current,INR,9/25/2021,48060.29,46294.79,Active,8/11/2026 0:00
A00000523,C000292,PRD004,BR001,Salary,INR,3/8/2025,48111.01,44131.63,Active,8/30/2026 0:00
A00000524,C000329,PRD005,BR007,NRE,INR,12/17/2020,79434.72,63156.03,Active,8/26/2026 0:00
A00000525,C000394,PRD004,BR007,Salary,INR,7/23/2023,10218.6,8538.72,Active,8/14/2026 0:00
A00000526,C000360,PRD004,BR014,Salary,INR,2/10/2026,6548.11,5166.03,Active,9/10/2026 0:00
A00000527,C000110,PRD003,BR007,Current,INR,1/20/2024,36377.81,34463.97,Blocked,8/14/2026 0:00
A00000528,C000028,PRD002,BR006,Savings,INR,12/22/2021,33912.71,26143.23,Active,8/26/2026 0:00
A00000529,C000042,PRD003,BR011,Current,INR,9/15/2024,70889.65,62467.57,Active,8/17/2026 0:00
A00000530,C000095,PRD001,BR020,Savings,INR,11/4/2021,7346.42,5874.57,Closed,8/31/2026 0:00
A00000531,C000244,PRD005,BR003,NRE,INR,11/24/2024,32401.64,27174.38,Active,8/25/2026 0:00
A00000532,C000422,PRD001,BR006,Savings,INR,3/24/2022,58906.55,45325.77,Active,9/9/2026 0:00
A00000533,C000075,PRD003,BR005,Current,INR,7/20/2023,108518.7,81773.91,Dormant,8/10/2026 0:00
A00000534,C000256,PRD003,BR006,Current,INR,1/16/2020,15755.45,15709.12,Closed,8/9/2026 0:00
A00000535,C000325,PRD004,BR006,Salary,INR,5/29/2020,38763.42,31191.21,Blocked,8/27/2026 0:00
A00000536,C000357,PRD005,BR003,NRE,INR,6/4/2022,71651.33,59973.7,Closed,9/13/2026 0:00
A00000537,C000296,PRD001,BR003,Savings,INR,5/21/2023,15524.06,15122.98,Active,8/8/2026 0:00
A00000538,C000359,PRD004,BR016,Salary,INR,8/7/2024,35228.03,29518.7,Dormant,8/28/2026 0:00
A00000539,C000268,PRD003,BR001,Current,INR,10/20/2024,9850.31,8306.57,Active,8/11/2026 0:00
A00000540,C000278,PRD004,BR005,Salary,INR,11/26/2024,5933.54,5390.78,Active,8/7/2026 0:00
A00000541,C000045,PRD001,BR003,Savings,INR,2/9/2026,68861.88,53362.83,Active,9/7/2026 0:00
A00000542,C000413,PRD001,BR009,Savings,INR,5/17/2022,153296.94,123514.39,Active,8/25/2026 0:00
A00000543,C000059,PRD002,BR016,Savings,INR,3/15/2025,6357.82,5424.71,Dormant,9/15/2026 0:00
A00000544,C000402,PRD004,BR003,Salary,INR,7/6/2022,5705.71,5003.28,Active,9/12/2026 0:00
A00000545,C000136,PRD003,BR016,Current,INR,8/25/2024,18162.19,13770,Active,8/24/2026 0:00
A00000546,C000431,PRD005,BR005,NRE,INR,10/4/2023,86888.7,68868.22,Active,8/28/2026 0:00
A00000547,C000124,PRD005,BR003,NRE,INR,6/24/2026,93452.5,80114.55,Closed,8/25/2026 0:00
A00000548,C000373,PRD002,BR020,Savings,INR,10/10/2021,17261.91,14834.03,Active,8/9/2026 0:00
A00000549,C000259,PRD001,BR014,Savings,INR,12/1/2022,62648.82,60101.17,Active,8/21/2026 0:00
A00000550,C000105,PRD001,BR016,Savings,INR,9/18/2021,6372.22,4823.48,Active,8/6/2026 0:00
A00000551,C000293,PRD004,BR011,Salary,INR,6/27/2022,39554.21,32601.79,Active,8/16/2026 0:00
A00000552,C000372,PRD004,BR010,Salary,INR,1/31/2023,85933.98,66232.83,Active,8/2/2026 0:00
A00000553,C000327,PRD005,BR017,NRE,INR,1/9/2022,9579.97,7407.18,Active,8/24/2026 0:00
A00000554,C000468,PRD002,BR008,Savings,INR,3/30/2020,15243.79,13009.6,Active,9/10/2026 0:00
A00000555,C000040,PRD002,BR016,Savings,INR,7/8/2023,36842.92,33467.66,Active,8/11/2026 0:00
A00000556,C000093,PRD003,BR004,Current,INR,5/8/2020,29539.81,23020.43,Active,8/23/2026 0:00
A00000557,C000248,PRD005,BR006,NRE,INR,5/13/2021,23156.88,18484.08,Active,8/2/2026 0:00
A00000558,C000266,PRD005,BR001,NRE,INR,2/3/2024,38997.43,30367.19,Active,8/21/2026 0:00
A00000559,C000071,PRD002,BR007,Savings,INR,3/27/2022,9118.13,9011.51,Active,9/5/2026 0:00
A00000560,C000334,PRD003,BR011,Current,INR,11/21/2024,16382.59,14386.6,Active,8/13/2026 0:00
A00000561,C000129,PRD002,BR005,Savings,INR,4/23/2022,26372.41,26067.56,Active,8/29/2026 0:00
A00000562,C000217,PRD005,BR009,NRE,INR,3/16/2021,220201.82,198583.27,Active,9/6/2026 0:00
A00000563,C000181,PRD003,BR006,Current,INR,9/25/2025,10045.08,8169.32,Active,9/8/2026 0:00
A00000564,C000424,PRD005,BR006,NRE,INR,1/6/2022,16961.71,16151.96,Active,8/12/2026 0:00
A00000565,C000184,PRD002,BR018,Savings,INR,5/15/2021,8133.89,6120.01,Active,9/15/2026 0:00
A00000566,C000169,PRD002,BR006,Savings,INR,8/10/2022,16480.25,14674.18,Active,9/8/2026 0:00
A00000567,C000109,PRD005,BR005,NRE,INR,11/2/2020,7302.74,6524.9,Active,9/13/2026 0:00
A00000568,C000388,PRD004,BR005,Salary,INR,3/18/2022,13907.94,10603.62,Active,8/3/2026 0:00
A00000569,C000141,PRD004,BR009,Salary,INR,8/31/2023,6676.64,5994.24,Active,8/2/2026 0:00
A00000570,C000146,PRD001,BR013,Savings,INR,1/20/2020,122122.74,119425.14,Active,8/26/2026 0:00
A00000571,C000019,PRD005,BR002,NRE,INR,1/24/2021,28764.7,27541.12,Active,8/20/2026 0:00
A00000572,C000141,PRD003,BR009,Current,INR,3/29/2026,45514.07,42949.51,Active,8/4/2026 0:00
A00000573,C000202,PRD003,BR016,Current,INR,5/12/2021,40860.72,39257.71,Closed,8/7/2026 0:00
A00000574,C000015,PRD002,BR004,Savings,INR,11/19/2024,8099.98,6533.32,Active,8/24/2026 0:00
A00000575,C000418,PRD005,BR007,NRE,INR,6/25/2020,51678.75,40190.61,Closed,8/5/2026 0:00
A00000576,C000136,PRD003,BR016,Current,INR,4/3/2024,103482.54,84594.7,Active,8/9/2026 0:00
A00000577,C000299,PRD004,BR018,Salary,INR,8/29/2021,8450.78,7929.02,Dormant,8/27/2026 0:00
A00000578,C000327,PRD004,BR017,Salary,INR,9/12/2022,40275.27,36025.07,Active,8/18/2026 0:00
A00000579,C000165,PRD004,BR016,Salary,INR,4/28/2023,11627.25,10788.29,Active,8/16/2026 0:00
A00000580,C000338,PRD002,BR002,Savings,INR,7/18/2025,31623.11,24193.79,Active,8/14/2026 0:00
A00000581,C000240,PRD004,BR008,Salary,INR,5/4/2022,12113.96,11550.65,Active,9/2/2026 0:00
A00000582,C000440,PRD003,BR007,Current,INR,2/2/2025,42165.68,38531.94,Dormant,8/7/2026 0:00
A00000583,C000469,PRD002,BR003,Savings,INR,1/27/2025,10320.45,9979.51,Active,8/26/2026 0:00
A00000584,C000097,PRD001,BR001,Savings,INR,6/12/2023,13960.71,13791.42,Active,8/7/2026 0:00
A00000585,C000076,PRD004,BR008,Salary,INR,12/23/2022,36584.5,28520.6,Active,8/23/2026 0:00
A00000586,C000221,PRD002,BR007,Savings,INR,9/11/2025,6607.65,5507.05,Active,8/24/2026 0:00
A00000587,C000051,PRD001,BR016,Savings,INR,9/26/2024,57031.94,45539.03,Active,8/12/2026 0:00
A00000588,C000305,PRD003,BR016,Current,INR,11/10/2024,24346.73,18924.62,Active,8/16/2026 0:00
A00000589,C000491,PRD001,BR010,Savings,INR,9/26/2020,7439.3,6569.15,Active,9/9/2026 0:00
A00000590,C000359,PRD004,BR016,Salary,INR,1/3/2023,17919.82,15658.21,Active,8/14/2026 0:00
A00000591,C000178,PRD003,BR009,Current,INR,1/13/2020,36169.75,27979.5,Active,9/14/2026 0:00
A00000592,C000319,PRD004,BR010,Salary,INR,10/11/2020,32485.65,25717.63,Active,8/30/2026 0:00
A00000593,C000073,PRD001,BR010,Savings,INR,3/26/2020,36238.95,28787.45,Active,8/5/2026 0:00
A00000594,C000088,PRD001,BR016,Savings,INR,10/10/2022,29109,25270.75,Active,8/2/2026 0:00
A00000595,C000291,PRD003,BR013,Current,INR,11/16/2021,74004.56,69471.64,Active,8/7/2026 0:00
A00000596,C000156,PRD003,BR015,Current,INR,2/13/2026,16211.35,13201.47,Active,8/24/2026 0:00
A00000597,C000235,PRD001,BR006,Savings,INR,9/28/2023,49243.7,47906.39,Active,9/8/2026 0:00
A00000598,C000248,PRD001,BR006,Savings,INR,3/25/2020,9690.83,7626.44,Active,8/15/2026 0:00
A00000599,C000338,PRD002,BR002,Savings,INR,6/23/2026,17106.27,15998.69,Blocked,8/24/2026 0:00
A00000600,C000106,PRD001,BR020,Savings,INR,1/14/2025,165104.55,164581.65,Dormant,8/12/2026 0:00
A00000601,C000136,PRD003,BR016,Current,INR,9/5/2024,65710.41,64811.27,Active,8/13/2026 0:00
A00000602,C000022,PRD005,BR019,NRE,INR,5/18/2021,23212.54,19924.83,Active,8/23/2026 0:00
A00000603,C000148,PRD001,BR006,Savings,INR,8/25/2021,109900.2,95237.25,Active,8/19/2026 0:00
A00000604,C000320,PRD005,BR019,NRE,INR,3/26/2023,33018.29,25297.1,Active,8/30/2026 0:00
A00000605,C000021,PRD002,BR009,Savings,INR,8/5/2020,8824.13,7695.45,Active,8/23/2026 0:00
A00000606,C000339,PRD001,BR020,Savings,INR,4/15/2026,23919.39,18866.64,Active,8/18/2026 0:00
A00000607,C000074,PRD002,BR005,Savings,INR,4/6/2023,5291.78,4258.37,Active,8/23/2026 0:00
A00000608,C000128,PRD004,BR016,Salary,INR,5/22/2023,8662.71,7790.03,Active,8/28/2026 0:00
A00000609,C000348,PRD003,BR014,Current,INR,3/28/2022,40400.47,32825.59,Active,8/13/2026 0:00
A00000610,C000155,PRD003,BR010,Current,INR,3/3/2025,4270.24,3785.39,Active,8/28/2026 0:00
A00000611,C000050,PRD002,BR004,Savings,INR,8/25/2025,25566.35,25150.13,Active,8/30/2026 0:00
A00000612,C000182,PRD004,BR005,Salary,INR,3/4/2025,4972.42,3763.72,Active,8/27/2026 0:00
A00000613,C000046,PRD002,BR013,Savings,INR,9/20/2022,29240.65,26172.74,Active,9/9/2026 0:00
A00000614,C000279,PRD005,BR013,NRE,INR,1/25/2020,43362.18,37538.72,Active,9/3/2026 0:00
A00000615,C000236,PRD001,BR007,Savings,INR,3/14/2021,8297.41,6914.82,Active,8/19/2026 0:00
A00000616,C000290,PRD004,BR012,Salary,INR,5/12/2021,245177.58,229270.03,Active,9/15/2026 0:00
A00000617,C000028,PRD002,BR006,Savings,INR,7/21/2025,23475.41,18407.09,Dormant,9/10/2026 0:00
A00000618,C000437,PRD002,BR016,Savings,INR,1/27/2020,13417.62,12765.58,Active,8/13/2026 0:00
A00000619,C000059,PRD001,BR016,Savings,INR,9/2/2025,8400.43,7232.38,Active,8/8/2026 0:00
A00000620,C000154,PRD004,BR003,Salary,INR,8/20/2022,21285.27,20443.02,Active,9/9/2026 0:00
A00000621,C000349,PRD004,BR020,Salary,INR,11/5/2024,110205.24,86683.21,Active,8/10/2026 0:00
A00000622,C000420,PRD002,BR011,Savings,INR,2/17/2026,2474.31,1979.67,Active,8/19/2026 0:00
A00000623,C000342,PRD001,BR015,Savings,INR,2/1/2023,104121.15,88273.63,Active,8/7/2026 0:00
A00000624,C000238,PRD004,BR018,Salary,INR,3/6/2023,41413.09,35792.11,Active,8/1/2026 0:00
A00000625,C000298,PRD003,BR004,Current,INR,12/23/2023,35790.22,35457.34,Active,8/30/2026 0:00
A00000626,C000142,PRD001,BR010,Savings,INR,8/23/2025,79763.23,64025.55,Closed,9/3/2026 0:00
A00000627,C000200,PRD005,BR014,NRE,INR,10/21/2023,8910.29,7706.25,Dormant,8/9/2026 0:00
A00000628,C000143,PRD003,BR002,Current,INR,4/16/2025,68021.97,61319.12,Active,9/15/2026 0:00
A00000629,C000475,PRD005,BR008,NRE,INR,6/14/2021,59608.12,55104.26,Active,9/7/2026 0:00
A00000630,C000179,PRD005,BR017,NRE,INR,7/3/2020,30884.57,23391.37,Active,8/15/2026 0:00
A00000631,C000050,PRD001,BR004,Savings,INR,8/18/2023,21959.86,20641.77,Blocked,8/16/2026 0:00
A00000632,C000054,PRD002,BR020,Savings,INR,9/16/2024,41585.57,40778.56,Active,8/17/2026 0:00
A00000633,C000059,PRD001,BR016,Savings,INR,4/30/2020,69440.34,68113.18,Active,9/14/2026 0:00
A00000634,C000231,PRD004,BR003,Salary,INR,3/29/2026,3884.31,3107.19,Active,8/29/2026 0:00
A00000635,C000348,PRD003,BR014,Current,INR,11/12/2024,3546.25,3381.21,Active,8/13/2026 0:00
A00000636,C000045,PRD005,BR003,NRE,INR,10/21/2020,65536.7,54734.8,Active,9/11/2026 0:00
A00000637,C000271,PRD004,BR011,Salary,INR,4/24/2025,11262.79,9857.34,Active,9/5/2026 0:00
A00000638,C000437,PRD002,BR016,Savings,INR,3/20/2024,55385.57,53640.6,Active,8/9/2026 0:00
A00000639,C000401,PRD005,BR001,NRE,INR,8/2/2022,14877.05,11349.25,Active,8/2/2026 0:00
A00000640,C000115,PRD003,BR011,Current,INR,1/5/2024,57969.85,44462.19,Dormant,8/19/2026 0:00
A00000641,C000039,PRD005,BR017,NRE,INR,8/10/2025,53135.04,43998.99,Active,9/4/2026 0:00
A00000642,C000358,PRD001,BR001,Savings,INR,12/13/2022,209259.91,191118.75,Active,8/27/2026 0:00
A00000643,C000134,PRD002,BR016,Savings,INR,7/24/2021,6591.18,5279.92,Active,8/22/2026 0:00
A00000644,C000474,PRD001,BR016,Savings,INR,4/28/2026,13504.44,13181.43,Active,8/3/2026 0:00
A00000645,C000178,PRD001,BR009,Savings,INR,3/8/2026,27167.83,23627.67,Active,8/3/2026 0:00
A00000646,C000054,PRD001,BR020,Savings,INR,12/5/2023,21861.1,18754.18,Active,8/15/2026 0:00
A00000647,C000011,PRD001,BR018,Savings,INR,4/2/2024,5824.81,5361.65,Active,9/5/2026 0:00
A00000648,C000247,PRD001,BR014,Savings,INR,5/27/2021,16140.18,13839.07,Active,8/9/2026 0:00
A00000649,C000060,PRD004,BR004,Salary,INR,2/15/2024,4003.46,3354.69,Active,8/4/2026 0:00
A00000650,C000122,PRD002,BR020,Savings,INR,1/5/2026,12055.2,10753.38,Blocked,8/1/2026 0:00
